{"Mean":{"confidence_interval":{"confidence_level":0.95,"lower_bound":69820523.43645763,"upper_bound":70484186.68027139},"point_estimate":70144186.50298864,"standard_error":169527.15612240657},"Median":{"confidence_interval":{"confidence_level":0.95,"lower_bound":69756715.25473802,"upper_bound":70495764.19817927},"point_estimate":70096746.14718616,"standard_error":193339.14487264684},"MedianAbsDev":{"confidence_interval":{"confidence_level":0.95,"lower_bound":1115253.6701919956,"upper_bound":1759167.3502994387},"point_estimate":1397123.9374725518,"standard_error":165753.85194502975},"Slope":{"confidence_interval":{"confidence_level":0.95,"lower_bound":69871204.55873461,"upper_bound":70370737.87822327},"point_estimate":70124412.62735038,"standard_error":127032.55491148544},"StdDev":{"confidence_interval":{"confidence_level":0.95,"lower_bound":1297314.842105524,"upper_bound":2139712.8149196124},"point_estimate":1714729.6037534864,"standard_error":218356.7325231247}}