{"Mean":{"confidence_interval":{"confidence_level":0.95,"lower_bound":23521380.578096956,"upper_bound":23883105.55195419},"point_estimate":23712372.30551042,"standard_error":92521.84560724684},"Median":{"confidence_interval":{"confidence_level":0.95,"lower_bound":23759624.36082474,"upper_bound":24006440.534246575},"point_estimate":23882664.34415064,"standard_error":67869.77434565702},"MedianAbsDev":{"confidence_interval":{"confidence_level":0.95,"lower_bound":368048.9136436537,"upper_bound":669404.9313053917},"point_estimate":506153.44050871505,"standard_error":73986.44708277666},"Slope":{"confidence_interval":{"confidence_level":0.95,"lower_bound":23857763.38482481,"upper_bound":24051014.385834493},"point_estimate":23955783.921158563,"standard_error":49328.64192339918},"StdDev":{"confidence_interval":{"confidence_level":0.95,"lower_bound":646068.6598278026,"upper_bound":1194762.0370405747},"point_estimate":933298.5511747372,"standard_error":140440.50470134066}}