{"Mean":{"confidence_interval":{"confidence_level":0.95,"lower_bound":868644.1553627433,"upper_bound":871832.4510817424},"point_estimate":870176.3222768161,"standard_error":811.3876067897183},"Median":{"confidence_interval":{"confidence_level":0.95,"lower_bound":867209.9593413979,"upper_bound":870167.6703296703},"point_estimate":868464.5022727273,"standard_error":909.7601345632501},"MedianAbsDev":{"confidence_interval":{"confidence_level":0.95,"lower_bound":4717.9389811621995,"upper_bound":7649.050964202249},"point_estimate":6199.621517434751,"standard_error":744.6369952989157},"Slope":{"confidence_interval":{"confidence_level":0.95,"lower_bound":867347.7499811066,"upper_bound":870859.0997742483},"point_estimate":869013.3196453376,"standard_error":896.2877387218593},"StdDev":{"confidence_interval":{"confidence_level":0.95,"lower_bound":6060.111838379924,"upper_bound":10106.26794042836},"point_estimate":8148.347359389289,"standard_error":1040.6871310246017}}