{"Mean":{"confidence_interval":{"confidence_level":0.95,"lower_bound":4632588.268759693,"upper_bound":4641021.544468929},"point_estimate":4636627.785613895,"standard_error":2153.2486639663343},"Median":{"confidence_interval":{"confidence_level":0.95,"lower_bound":4628735.449275362,"upper_bound":4635853.857482994},"point_estimate":4630703.535108959,"standard_error":1764.2509649377778},"MedianAbsDev":{"confidence_interval":{"confidence_level":0.95,"lower_bound":9643.707518801013,"upper_bound":16506.252429682623},"point_estimate":14714.93304068074,"standard_error":1846.6865787749998},"Slope":{"confidence_interval":{"confidence_level":0.95,"lower_bound":4631625.035652988,"upper_bound":4639916.976191894},"point_estimate":4635343.572141274,"standard_error":2128.0090206593263},"StdDev":{"confidence_interval":{"confidence_level":0.95,"lower_bound":16079.374462942475,"upper_bound":26692.753499908005},"point_estimate":21736.996223773614,"standard_error":2715.4928271492768}}