{"Mean":{"confidence_interval":{"confidence_level":0.95,"lower_bound":918235.8134818093,"upper_bound":923696.5796184099},"point_estimate":920658.0590053754,"standard_error":1399.740184356476},"Median":{"confidence_interval":{"confidence_level":0.95,"lower_bound":915839.1976190476,"upper_bound":918227.4375},"point_estimate":916816.5666749134,"standard_error":572.8027468002645},"MedianAbsDev":{"confidence_interval":{"confidence_level":0.95,"lower_bound":3725.9085156700435,"upper_bound":6701.36901007423},"point_estimate":5027.150558523607,"standard_error":772.6742918706526},"Slope":{"confidence_interval":{"confidence_level":0.95,"lower_bound":917823.8600432319,"upper_bound":921718.1389842831},"point_estimate":919632.1061327028,"standard_error":995.3225009616401},"StdDev":{"confidence_interval":{"confidence_level":0.95,"lower_bound":7532.9598341091305,"upper_bound":20768.125859437212},"point_estimate":14065.06767904374,"standard_error":3854.7893225027087}}