{"Mean":{"confidence_interval":{"confidence_level":0.95,"lower_bound":1561612.9826424785,"upper_bound":1573032.0820485826},"point_estimate":1566547.9498322764,"standard_error":2938.1777007274623},"Median":{"confidence_interval":{"confidence_level":0.95,"lower_bound":1557343.9728381375,"upper_bound":1561734.0780126848},"point_estimate":1559001.6563283207,"standard_error":1310.0068237253918},"MedianAbsDev":{"confidence_interval":{"confidence_level":0.95,"lower_bound":6756.478939663985,"upper_bound":12091.259805862683},"point_estimate":9003.122339636338,"standard_error":1430.42818233393},"Slope":{"confidence_interval":{"confidence_level":0.95,"lower_bound":1563360.1051425524,"upper_bound":1571772.236307921},"point_estimate":1567054.0525550465,"standard_error":2155.15150610291},"StdDev":{"confidence_interval":{"confidence_level":0.95,"lower_bound":12227.689738561687,"upper_bound":45026.8635505922},"point_estimate":29585.092712880178,"standard_error":8942.982286422328}}