{"Mean":{"confidence_interval":{"confidence_level":0.95,"lower_bound":2714490.0523398286,"upper_bound":2775743.6995165143},"point_estimate":2736935.1435692674,"standard_error":16931.75148435364},"Median":{"confidence_interval":{"confidence_level":0.95,"lower_bound":2705457.842647059,"upper_bound":2713612.4733233983},"point_estimate":2709236.381535948,"standard_error":2233.351882860309},"MedianAbsDev":{"confidence_interval":{"confidence_level":0.95,"lower_bound":8776.800540955013,"upper_bound":18588.519027586735},"point_estimate":12294.299472928758,"standard_error":2632.4897863450024},"Slope":{"confidence_interval":{"confidence_level":0.95,"lower_bound":2708091.1260765535,"upper_bound":2716205.999586607},"point_estimate":2711931.6307344465,"standard_error":2075.716767151084},"StdDev":{"confidence_interval":{"confidence_level":0.95,"lower_bound":20506.82202435218,"upper_bound":287844.1120114974},"point_estimate":170698.80166347136,"standard_error":87422.63001255815}}