{"Mean":{"confidence_interval":{"confidence_level":0.95,"lower_bound":2738726.1415840415,"upper_bound":2758296.206002236},"point_estimate":2746935.4690983808,"standard_error":5055.567988941913},"Median":{"confidence_interval":{"confidence_level":0.95,"lower_bound":2731011.4056179775,"upper_bound":2744895.951219512},"point_estimate":2738254.3705882356,"standard_error":3212.306163852509},"MedianAbsDev":{"confidence_interval":{"confidence_level":0.95,"lower_bound":16465.428299719802,"upper_bound":27091.12717867646},"point_estimate":21029.573665860076,"standard_error":2775.9261916910973},"Slope":{"confidence_interval":{"confidence_level":0.95,"lower_bound":2731312.7438177913,"upper_bound":2739452.9811941213},"point_estimate":2735212.71445249,"standard_error":2078.309816317684},"StdDev":{"confidence_interval":{"confidence_level":0.95,"lower_bound":21501.283876363257,"upper_bound":79418.86387764385},"point_estimate":50735.675177472316,"standard_error":17826.253326933424}}